Matrix,Shape,Total Elements,Non-Zero Elements,Zero Elements,Sparsity (%)
OHE,"(120, 391)",46920,1001,45919,97.86658141517476
BoW,"(120, 388)",46560,997,45563,97.85867697594502
TF-IDF,"(120, 388)",46560,997,45563,97.85867697594502
